ID,First Name,Last Name,Gender,Phone,Email
1,Carl,Mason,Male,446513744,CarlMason@gmail.com
2,Elliott,Carter,Male,241751346,ElliottCarter@gmail.com
3,Jon,Trevor,Male,562796753,JonTrevor@gmail.com
4,Malakal,Jordan,Male,688903214,MalakalJordan@gmail.com
5,Remi,Arina,Female,649276256,RemiArina@gmail.com
6,Dominik,Dominic,Male,404661389,DominikDominic@gmail.com
7,Kendra,Catherine,Female,470519406,KendraCatherine@gmail.com
8,Zachary,Jordan,Male,863928003,ZacharyJordan@gmail.com
9,Collin,Sebastian,Male,709589145,CollinSebastian@gmail.com
10,Lorenzo,Shawn,Male,279726134,LorenzoShawn@gmail.com
11,Chanel,Jasmin,Female,273729919,ChanelJasmin@gmail.com
12,Hayden,Sara,Female,656632045,HaydenSara@gmail.com
13,Hallie,Ana,Female,285477666,HallieAna@gmail.com
14,Decker,Henry,Male,589129974,DeckerHenry@gmail.com
15,Marie,Bailey,Female,868208323,MarieBailey@gmail.com
16,Frank,Mark,Male,599745364,FrankMark@gmail.com
17,Elsie,Hailey,Female,724724520,ElsieHailey@gmail.com
18,Salvador,William,Male,719728875,SalvadorWilliam@gmail.com
19,Ashton,Braden,Male,311218593,AshtonBraden@gmail.com
20,Yousef,Conner,Male,776721467,YousefConner@gmail.com
21,Prince,Matthew,Male,515332762,PrinceMatthew@gmail.com
22,Angelo,Carlos,Male,725520113,AngeloCarlos@gmail.com
23,Cynthia,Lindsey,Female,542858103,CynthiaLindsey@gmail.com
24,Braxton,Chase,Male,547335328,BraxtonChase@gmail.com
25,Jeremiah,Samuel,Male,330751554,JeremiahSamuel@gmail.com
26,Maliyah,Jocelyn,Female,363148667,MaliyahJocelyn@gmail.com
27,Marissa,Ruby,Female,313024285,MarissaRuby@gmail.com
28,Khalil,Mason,Male,779286067,KhalilMason@gmail.com
29,Jaylene,Autumn,Female,659703497,JayleneAutumn@gmail.com
30,Lennon,Daniel,Male,727626636,LennonDaniel@gmail.com
